Scene ID,Safety Score,Realism Score,Comfort Score,Test Score,Final Score,Is Out Dynamic,Planner Avg Score,Is Valid Submit
0004follow5,30,5.49,9.55,0.0,45.04,0,97.08,1
0080cutin4,30,6.43,9.65,20.15,66.22,0,96.64,1
0138follow128,30,5.07,8.15,2.0,45.22,0,79.09,1
0140follow130,30,5.12,8.57,0.0,43.69,0,94.27,1
0154follow142,30,6.12,8.29,2.0,46.41,0,78.68,1
0161lanechanging7,30,6.55,8.75,20.06,65.36,0,95.4,1
0170follow155,30,3.83,9.43,0.0,43.25,0,96.31,1
0178follow162,30,4.53,9.28,0.0,43.81,0,96.12,1
0181follow165,30,6.54,8.53,0.0,45.07,0,94.47,1
0194lanechanging11,30,4.81,9.02,20.0,63.84,0,96.42,1
0210cutin11,30,5.58,9.51,0.0,45.09,0,96.95,1
0234follow210,30,6.6,8.01,0.0,44.6,0,94.48,1
0265lanechanging16,30,5.83,9.24,20.06,65.13,0,95.85,1
0322lanechanging19,30,8.0,9.96,0.0,47.95,0,97.56,1
0357follow323,30,7.22,9.81,0.0,47.03,0,91.73,1
0360follow326,30,6.82,8.56,0.0,45.38,0,90.84,1
0361follow327,0,0,0,0,0,1,0,1
0364follow330,0,0,0,0,0,1,0,1
0365follow331,30,6.94,9.61,0.0,46.55,0,92.53,1
0368cutin17,30,7.72,9.96,23.5,71.17,0,80.07,1
0437follow396,30,5.89,9.76,0.0,45.65,0,80.69,1
0470cutin24,30,4.99,9.03,0.0,44.02,0,80.49,1
0646follow589,30,5.06,9.59,0.0,44.65,0,80.19,1
0712follow652,30,6.96,9.87,20.08,66.91,0,92.74,1
0722follow662,30,9.52,9.81,0.0,49.33,0,92.88,1
0724follow664,30,9.56,9.48,0.0,49.04,0,95.24,1
0727follow667,30,9.63,9.55,0.0,49.18,0,94.07,1
0729follow669,30,10.1,9.81,0.0,49.92,0,94.76,1
0730follow670,30,9.34,9.92,0.0,49.26,0,93.8,1
0733follow673,30,10.78,9.94,0.0,50.71,0,94.58,1
0738follow678,30,8.11,8.88,0.0,46.99,0,92.11,1
0740follow680,30,8.91,8.79,0.0,47.69,0,94.07,1
0741follow681,30,8.68,9.26,0.0,47.94,0,92.06,1
0743follow683,30,9.39,9.83,0.0,49.23,0,92.83,1
0745follow685,30,8.34,9.28,0.0,47.62,0,91.01,1
0751follow691,30,8.75,9.25,0.0,47.99,0,89.75,1
0754follow694,30,10.25,9.72,0.0,49.97,0,90.08,1
0759follow699,30,9.93,9.64,0.0,49.57,0,88.85,1
0763follow703,30,8.67,9.51,0.0,48.17,0,91.02,1
0766follow706,30,7.72,9.35,20.03,67.1,0,89.45,1
0768follow708,30,9.48,9.39,20.18,69.05,0,89.31,1
0769follow709,30,9.04,9.59,0.0,48.63,0,94.02,1
0779follow719,0,0,0,0,0,1,0,1
0787cutin34,30,7.12,9.93,0.0,47.05,0,98.28,1
0801follow739,30,7.06,9.57,0.0,46.63,0,94.55,1
0803follow741,30,7.59,9.34,0.0,46.92,0,95.34,1
0804follow742,30,8.69,9.69,0.0,48.38,0,92.59,1
0811follow749,30,7.11,9.48,0.0,46.58,0,96.19,1
0816follow754,30,8.85,9.82,0.0,48.67,0,95.74,1
0819follow757,30,8.37,9.39,0.0,47.76,0,88.22,1
0823follow761,30,8.09,9.46,0.0,47.55,0,96.85,1
0826follow764,30,7.75,9.79,0.0,47.54,0,92.59,1
0828follow766,30,9.02,9.61,0.0,48.63,0,96.02,1
0829follow767,30,8.02,9.38,0.0,47.39,0,89.08,1
0830follow768,30,9.47,9.79,20.09,69.35,0,92.54,1
0834follow771,30,8.71,9.94,0.0,48.65,0,95.85,1
0837follow774,0,0,0,0,0,1,0,1
0839follow776,30,8.01,9.56,0.0,47.56,0,92.45,1
0840follow777,30,8.51,9.69,0.0,48.2,0,92.66,1
0845follow782,30,9.88,9.65,0.0,49.53,0,94.84,1
0846follow783,30,7.82,9.61,0.0,47.43,0,94.43,1
0847follow784,30,7.96,9.49,0.0,47.44,0,95.65,1
0852follow789,30,8.64,9.62,0.0,48.26,0,95.52,1
0854follow791,30,9.35,9.82,0.0,49.17,0,91.92,1
0855follow792,30,8.82,9.65,0.0,48.47,0,92.71,1
0856follow793,30,9.03,9.75,0.0,48.78,0,92.98,1
0857follow794,30,8.33,9.72,0.0,48.05,0,95.98,1
0858follow795,30,8.95,9.5,0.0,48.44,0,91.98,1
0861follow798,30,8.69,9.51,0.0,48.2,0,96.3,1
0863follow800,30,10.06,9.89,0.0,49.95,0,94.44,1
0865follow802,30,7.24,9.4,0.0,46.64,0,92.77,1
0868follow805,30,6.8,9.69,0.0,46.49,0,95.7,1
0871follow808,30,9.42,9.79,0.0,49.21,0,93.88,1
0875follow812,30,9.02,9.68,0.0,48.69,0,91.68,1
0879follow816,30,7.38,9.27,0.0,46.65,0,92.29,1
0886follow823,30,8.59,9.73,0.0,48.33,0,91.7,1
0887follow824,0,0,0,0,0,1,0,1
0889follow826,30,7.77,8.58,0.0,46.35,0,85.69,1
0894follow831,30,8.4,9.16,0.0,47.56,0,94.02,1
0895follow832,30,6.72,9.75,20.01,66.48,0,93.53,1
0898follow835,30,8.71,10.0,20.04,68.75,0,91.08,1
0899follow836,0,0,0,0,0,1,0,1
0948follow884,30,7.64,9.37,0.0,47.01,0,87.72,1
0965follow900,30,8.75,9.96,0.0,48.72,0,95.35,1
0967follow902,0,8.3,9.75,0,18.05,0,93.15,1
0_1003_merge_1004,0,0,0,0,0,1,0,1
0_100_left_straight_in_adjacent_102,0,0,0,0,0,1,0,1
0_1019_merge_1024,30,9.28,7.04,24.03,70.36,0,67.92,1
0_1026_merge_1036,30,7.75,7.2,20.55,65.49,0,82.49,1
0_1049_merge_1066,30,8.56,6.57,23.41,68.55,0,69.67,1
0_1055_merge_1064,30,8.72,7.2,0.0,45.92,0,85.16,1
0_106_straight_straight_110,0,6.57,6.64,0,13.22,0,71.5,1
0_118_straight_straight_119,0,0,0,0,0,1,0,1
0_131_straight_straight_141,0,0,0,0,0,1,0,1
0_132_merge_134,30,7.02,5.55,0.0,42.57,0,85.18,1
0_137_straight_straight_138,0,6.34,5.81,0,12.15,0,88.78,1
0_139_merge_140,0,0,0,0,0,1,0,1
0_140_straight_straight_141,0,0,0,0,0,1,0,1
0_145_straight_in_adjacent_left_147,0,6.96,5.64,0,12.59,0,90.61,1
0_150_merge_158,30,7.06,6.4,0.0,43.47,0,91.42,1
0_166_merge_173,30,9.78,6.81,2.0,48.59,0,76.5,1
0_24_straight_in_adjacent_left_30,30,6.8,6.62,0.0,43.42,0,89.69,1
0_261_merge_271,30,7.86,6.64,0.0,44.49,0,86.05,1
0_266_merge_269,30,6.09,6.38,0.0,42.47,0,91.87,1
0_273_merge_280,0,8.93,6.96,0,15.89,0,53.31,1
0_275_merge_280,30,8.52,7.39,0.0,45.91,0,87.14,1
0_277_merge_279,30,6.32,6.05,23.26,65.63,0,73.75,1
0_290_merge_294,30,7.57,6.46,0.0,44.02,0,91.47,1
0_320_merge_324,30,8.2,7.2,2.0,47.4,0,73.24,1
0_339_merge_1117,30,8.36,7.11,23.64,69.1,0,68.29,1
0_346_merge_357,30,6.27,8.99,23.72,68.98,0,68.89,1
0_347_merge_348,0,8.36,6.7,0,15.06,0,80.08,1
0_349_merge_357,0,0,0,0,0,1,0,1
0_354_merge_357,30,9.06,7.31,32.15,78.52,0,34.56,1
0_36_straight_straight_39,0,7.41,5.73,0,13.14,0,87.35,1
0_37_left_straight_in_adjacent_42,0,0,0,0,0,1,0,1
0_381_merge_389,30,9.0,6.77,0.0,45.77,0,85.01,1
0_393_merge_405,0,0,0,0,0,1,0,1
0_400_merge_403,0,8.12,7.15,0,15.27,0,64.83,1
0_402_merge_412,0,8.46,6.92,0,15.39,0,84.34,1
0_409_merge_420,0,9.1,6.82,0,15.92,0,86.3,1
0_420_merge_434,30,8.19,7.23,0.0,45.42,0,86.87,1
0_422_merge_426,30,8.8,6.68,0.0,45.48,0,87.84,1
0_42_straight_straight_43,0,0,0,0,0,1,0,1
0_440_merge_441,0,0,0,0,0,1,0,1
0_44_straight_straight_47,0,0,0,0,0,1,0,1
0_453_merge_457,30,8.58,7.3,0.0,45.88,0,87.65,1
0_45_left_left_48,0,8.33,5.46,0,13.79,0,52.98,1
0_484_merge_486,30,8.92,7.05,20.27,66.24,0,85.18,1
0_492_merge_494,30,8.1,7.06,0.0,45.17,0,84.87,1
0_495_merge_505,30,7.82,7.14,0.0,44.96,0,85.87,1
0_496_merge_502,30,8.01,7.01,20.56,65.58,0,84.66,1
0_499_merge_513,30,8.14,6.73,20.38,65.24,0,84.09,1
0_513_merge_520,0,9.3,6.9,0,16.19,0,83.0,1
0_515_merge_516,30,8.7,6.7,20.57,65.97,0,80.54,1
0_532_merge_537,30,7.3,7.3,0.0,44.6,0,89.55,1
0_574_merge_579,30,9.02,6.43,20.1,65.55,0,86.46,1
0_586_merge_587,30,8.85,6.79,0.0,45.64,0,81.92,1
0_606_merge_608,30,7.25,5.63,20.14,63.02,0,77.68,1
0_612_merge_617,30,7.86,7.38,20.15,65.39,0,87.4,1
0_612_merge_619,30,7.65,7.29,20.32,65.26,0,84.17,1
0_621_merge_623,30,8.93,6.15,0.0,45.08,0,84.98,1
0_628_merge_630,30,8.71,6.47,0.0,45.18,0,89.67,1
0_62_straight_straight_64,0,0,0,0,0,1,0,1
0_635_merge_641,0,0,0,0,0,1,0,1
0_637_merge_644,0,8.04,5.82,0,13.86,0,86.14,1
0_63_left_straight_in_adjacent_65,0,8.43,5.65,0,14.08,0,83.63,1
0_672_merge_678,30,7.82,6.5,0.0,44.32,0,80.56,1
0_675_merge_678,30,7.8,6.24,0.0,44.05,0,86.86,1
0_680_merge_682,30,7.65,6.91,0.0,44.56,0,90.02,1
0_68_straight_straight_72,0,0,0,0,0,1,0,1
0_6_straight_straight_19,0,0,0,0,0,1,0,1
0_76_merge_82,30,7.83,7.16,23.33,68.32,0,72.38,1
0_79_merge_81,30,8.64,6.74,0.0,45.38,0,86.02,1
0_81_left_straight_in_opposite_82,0,0,0,0,0,1,0,1
0_82_straight_straight_84,0,0,0,0,0,1,0,1
0_83_straight_straight_87,30,7.39,6.39,0.0,43.78,0,88.34,1
0_856_merge_858,30,7.82,6.92,20.4,65.14,0,62.82,1
0_860_merge_863,30,8.43,6.74,0.0,45.18,0,85.25,1
0_862_merge_863,0,8.8,6.75,0,15.55,0,84.86,1
0_86_merge_92,0,9.67,6.55,0,16.21,0,74.89,1
0_874_merge_875,0,0,0,0,0,1,0,1
0_879_merge_895,0,7.93,7.52,0,15.45,0,85.91,1
0_880_merge_882,0,9.12,6.42,0,15.54,0,52.59,1
0_88_merge_92,0,8.65,6.93,0,15.58,0,88.69,1
0_899_merge_901,30,8.3,6.71,0.0,45.01,0,85.34,1
0_89_straight_straight_93,0,0,0,0,0,1,0,1
0_903_merge_908,30,8.25,6.76,0.0,45.01,0,88.25,1
0_907_merge_910,0,8.83,6.79,0,15.62,0,86.24,1
0_916_merge_921,30,8.91,6.83,23.67,69.41,0,65.39,1
0_96_left_straight_in_opposite_97,0,0,0,0,0,1,0,1
0_99_straight_straight_101,0,0,0,0,0,1,0,1
10_10_straight_straight_12,0,0,0,0,0,1,0,1
10_11_straight_in_adjacent_left_16,0,0,0,0,0,1,0,1
10_18_straight_straight_22,30,6.81,5.31,22.02,64.14,0,65.02,1
10_39_straight_straight_40,30,7.48,6.39,0.0,43.87,0,89.79,1
10_74_straight_straight_75,0,8.15,5.62,0,13.77,0,91.17,1
10_75_straight_straight_76,30,7.68,6.05,0.0,43.72,0,88.03,1
1113follow1030,30,6.88,8.65,2.0,47.53,0,79.73,1
1157cutin51,30,7.73,9.11,0.0,46.84,0,95.25,1
1160cutin52,30,4.7,9.68,20.09,64.48,0,97.22,1
11_125_left_left_126,30,7.79,5.07,0.0,42.86,0,85.42,1
11_129_straight_straight_131,30,7.59,5.14,0.0,42.73,0,90.71,1
11_15_left_straight_in_adjacent_20,0,7.71,5.41,0,13.13,0,62.07,1
11_95_straight_straight_101,0,0,0,0,0,1,0,1
12_107_straight_straight_113,0,0,0,0,0,1,0,1
12_130_straight_in_opposite_left_133,0,0,0,0,0,1,0,1
12_17_straight_straight_21,0,0,0,0,0,1,0,1
12_2_straight_straight_9,0,0,0,0,0,1,0,1
12_4_left_straight_in_adjacent_12,0,6.75,5.75,0,12.5,0,61.58,1
1371follow1256,30,4.96,9.6,0.0,44.56,0,80.13,1
13_117_straight_in_adjacent_left_119,0,0,0,0,0,1,0,1
13_19_straight_in_opposite_left_21,30,8.48,4.02,21.65,64.15,0,77.73,1
13_20_straight_straight_22,0,0,0,0,0,1,0,1
13_29_straight_straight_30,30,8.12,5.53,20.68,64.34,0,78.09,1
13_35_straight_in_adjacent_left_40,0,0,0,0,0,1,0,1
13_79_straight_straight_81,0,0,0,0,0,1,0,1
1433cutin76,30,6.22,9.02,0.0,45.24,0,97.31,1
1455lanechanging46,30,5.99,9.6,20.04,65.63,0,96.31,1
1485follow1357,30,5.75,9.7,20.08,65.53,0,79.83,1
1497follow1365,30,4.19,9.29,0.0,43.47,0,96.29,1
14_105_straight_in_opposite_left_112,0,0,0,0,0,1,0,1
14_111_straight_in_opposite_left_112,0,0,0,0,0,1,0,1
14_136_straight_straight_138,0,0,0,0,0,1,0,1
14_1_straight_in_adjacent_left_2,30,7.72,5.84,24.09,67.65,0,66.45,1
14_6_left_left_8,0,0,0,0,0,1,0,1
1521cutin85,0,4.83,9.53,0,14.37,0,96.64,1
1532follow1399,30,5.19,9.57,0.0,44.75,0,80.8,1
15_35_straight_straight_37,0,7.48,6.27,0,13.75,0,89.49,1
15_41_straight_straight_45,0,0,0,0,0,1,0,1
15_83_straight_straight_85,30,9.81,5.32,20.11,65.23,0,90.2,1
15_97_straight_straight_99,0,0,0,0,0,1,0,1
1665follow1523,30,6.27,8.14,0.0,44.42,0,94.0,1
1671cutin94,0,0,0,0,0,1,0,1
1685follow1539,30,5.47,9.31,0.0,44.79,0,96.08,1
16_39_straight_straight_43,0,6.68,6.22,0,12.9,0,83.2,1
1744follow1585,30,6.35,8.2,0.0,44.55,0,94.57,1
1789cutin112,30,5.56,8.44,0.0,43.99,0,96.5,1
1_1001_merge_1005,0,8.6,7.14,0,15.74,0,85.01,1
1_1025_merge_1026,0,8.05,7.18,0,15.23,0,87.52,1
1_1032_merge_1034,30,7.55,6.56,0.0,44.11,0,87.9,1
1_1066_merge_1082,0,7.82,7.2,0,15.02,0,71.01,1
1_106_straight_straight_108,0,8.14,6.43,0,14.57,0,89.01,1
1_1072_merge_1552,30,7.77,6.81,0.0,44.58,0,84.74,1
1_1082_merge_1094,30,8.56,6.86,20.24,65.66,0,80.95,1
1_1096_merge_1540,0,8.15,6.8,0,14.94,0,52.09,1
1_1165_merge_1172,0,0,0,0,0,1,0,1
1_117_straight_straight_120,0,0,0,0,0,1,0,1
1_118_left_straight_in_adjacent_121,0,0,0,0,0,1,0,1
1_1191_merge_1198,0,8.45,6.94,0,15.39,0,84.55,1
1_1246_merge_1247,30,7.56,6.52,23.41,67.49,0,70.87,1
1_125_left_straight_in_adjacent_135,0,6.74,6.4,0,13.13,0,86.43,1
1_125_merge_133,30,7.11,7.19,0.0,44.3,0,90.66,1
1_1263_merge_1271,30,7.26,6.49,0.0,43.75,0,86.5,1
1_130_straight_straight_131,0,0,0,0,0,1,0,1
1_13_straight_straight_22,0,0,0,0,0,1,0,1
1_141_straight_in_opposite_left_143,0,0,0,0,0,1,0,1
1_143_merge_150,30,8.73,6.4,0.0,45.13,0,91.75,1
1_148_merge_151,0,8.2,7.31,0,15.51,0,62.35,1
1_153_straight_in_adjacent_left_175,0,0,0,0,0,1,0,1
1_156_straight_straight_159,0,0,0,0,0,1,0,1
1_15_straight_straight_35,0,7.99,6.02,0,14.01,0,85.44,1
1_161_merge_172,30,9.34,6.88,0.0,46.22,0,91.69,1
1_166_merge_172,30,7.95,6.23,0.0,44.18,0,88.42,1
1_173_straight_straight_181,0,0,0,0,0,1,0,1
1_189_merge_197,30,7.65,8.11,31.84,77.6,0,35.96,1
1_191_merge_199,0,7.99,7.16,0,15.15,0,88.64,1
1_196_merge_197,0,9.05,7.11,0,16.16,0,72.77,1
1_22_straight_straight_23,0,0,0,0,0,1,0,1
1_25_left_straight_in_adjacent_30,0,8.21,5.77,0,13.98,0,34.83,1
1_261_merge_305,30,9.06,6.94,25.85,71.85,0,60.17,1
1_26_merge_28,30,8.21,7.34,20.04,65.59,0,85.45,1
1_271_merge_280,0,8.47,7.17,0,15.64,0,90.86,1
1_27_left_straight_in_opposite_37,0,0,0,0,0,1,0,1
1_282_merge_292,0,8.88,7.52,0,16.4,0,52.99,1
1_288_merge_325,30,7.41,7.05,0.0,44.46,0,87.55,1
1_28_merge_52,30,7.78,7.66,0.0,45.44,0,85.21,1
1_2_left_straight_in_opposite_11,0,0,0,0,0,1,0,1
1_302_merge_304,30,8.29,7.67,24.75,70.71,0,53.47,1
1_303_merge_332,0,7.75,7.21,0,14.95,0,87.46,1
1_311_merge_312,30,7.65,8.64,22.77,69.06,0,68.99,1
1_31_straight_in_adjacent_left_42,0,0,0,0,0,1,0,1
1_321_merge_325,0,8.79,7.19,0,15.98,0,56.95,1
1_337_merge_347,30,7.54,7.32,0.0,44.86,0,86.42,1
1_351_merge_355,30,7.62,8.18,20.42,66.21,0,85.53,1
1_354_merge_359,0,0,0,0,0,1,0,1
1_358_merge_362,30,7.3,8.58,23.0,68.88,0,70.35,1
1_366_merge_370,30,7.0,8.53,23.43,68.96,0,70.93,1
1_378_merge_382,0,8.35,7.29,0,15.65,0,82.36,1
1_37_merge_48,30,9.65,8.17,22.82,70.64,0,71.52,1
1_404_merge_405,30,6.16,7.6,0.0,43.76,0,91.29,1
1_404_merge_408,30,7.97,6.83,20.08,64.88,0,87.6,1
1_426_merge_431,0,8.14,6.52,0,14.67,0,85.65,1
1_454_merge_467,0,8.0,6.73,0,14.73,0,91.13,1
1_463_merge_465,30,7.29,6.32,0.0,43.61,0,90.19,1
1_479_merge_482,30,8.08,7.06,0.0,45.14,0,84.73,1
1_4_straight_in_adjacent_left_5,0,7.2,6.24,0,13.44,0,72.71,1
1_515_merge_528,30,8.99,6.96,0.0,45.95,0,87.82,1
1_53_straight_in_opposite_left_56,0,0,0,0,0,1,0,1
1_565_merge_579,30,9.13,6.97,0.0,46.1,0,84.24,1
1_570_merge_576,0,8.88,6.67,0,15.55,0,85.18,1
1_576_merge_580,30,8.25,7.68,20.0,65.93,0,70.61,1
1_579_merge_580,0,8.63,7.32,0,15.95,0,89.93,1
1_57_straight_in_adjacent_left_58,0,8.23,5.23,0,13.46,0,87.41,1
1_595_merge_603,30,8.7,6.99,25.49,71.18,0,62.42,1
1_601_merge_604,30,8.28,7.11,24.82,70.21,0,49.87,1
1_60_straight_straight_64,0,8.57,5.58,0,14.15,0,51.63,1
1_621_merge_635,0,7.03,7.39,0,14.43,0,73.15,1
1_624_merge_640,30,6.88,7.5,20.1,64.48,0,75.67,1
1_628_merge_635,30,8.69,7.4,0.0,46.09,0,88.62,1
1_631_merge_1550,30,7.66,7.34,26.89,71.9,0,57.33,1
1_632_merge_651,0,8.5,7.47,0,15.97,0,89.71,1
1_63_merge_100,0,6.49,8.0,0,14.49,0,53.53,1
1_641_merge_662,0,8.5,8.58,0,17.08,0,71.2,1
1_66_left_left_71,0,8.77,5.62,0,14.39,0,59.07,1
1_672_merge_674,0,0,0,0,0,1,0,1
1_672_merge_700,0,8.97,8.18,0,17.15,0,54.5,1
1_68_straight_straight_72,0,0,0,0,0,1,0,1
1_698_merge_699,0,0,0,0,0,1,0,1
1_699_merge_703,30,7.67,7.17,0.0,44.84,0,80.8,1
1_69_left_straight_in_opposite_70,0,0,0,0,0,1,0,1
1_703_merge_726,0,8.32,8.14,0,16.46,0,89.18,1
1_736_merge_737,30,8.43,6.25,2.0,46.68,0,77.33,1
1_751_merge_756,30,8.46,6.85,0.0,45.31,0,85.3,1
1_754_merge_761,30,9.17,7.23,0.0,46.41,0,87.98,1
1_767_merge_772,30,8.91,6.87,20.25,66.03,0,84.72,1
1_768_merge_775,30,8.11,7.42,0.0,45.53,0,90.49,1
1_772_merge_807,0,9.2,6.62,0,15.82,0,90.27,1
1_77_merge_81,30,7.94,6.96,0.0,44.9,0,87.96,1
1_818_merge_823,30,7.51,7.17,20.47,65.15,0,83.66,1
1_835_merge_851,30,7.88,6.33,27.49,71.71,0,55.74,1
1_841_merge_851,30,7.67,6.24,0.0,43.92,0,91.76,1
1_864_merge_866,30,7.89,7.16,20.02,65.07,0,89.17,1
1_86_merge_93,30,7.35,7.33,27.35,72.03,0,54.15,1
1_878_merge_881,30,8.5,7.15,23.31,68.96,0,70.18,1
1_881_merge_887,30,7.76,7.13,24.06,68.95,0,68.89,1
1_883_merge_892,0,8.38,7.16,0,15.54,0,85.0,1
1_888_merge_894,30,7.94,7.37,0.0,45.31,0,82.52,1
1_901_merge_906,0,7.9,6.6,0,14.5,0,71.57,1
1_909_merge_911,30,7.92,6.82,20.9,65.64,0,77.84,1
1_911_merge_915,30,9.23,7.19,20.18,66.61,0,85.38,1
1_936_merge_941,30,8.21,7.38,4.0,49.58,0,64.54,1
1_93_straight_straight_94,0,0,0,0,0,1,0,1
1_947_merge_949,30,8.7,7.42,4.0,50.12,0,68.91,1
1_951_merge_964,30,8.01,7.62,0.0,45.63,0,87.52,1
1_959_merge_964,30,8.47,7.26,27.14,72.88,0,54.71,1
1_966_merge_970,0,8.42,7.4,0,15.82,0,86.21,1
1_970_merge_983,30,9.41,6.56,20.81,66.78,0,82.33,1
1_993_merge_1005,30,9.03,7.12,20.13,66.28,0,87.77,1
1_99_straight_straight_102,0,0,0,0,0,1,0,1
1_9_left_straight_in_opposite_13,0,0,0,0,0,1,0,1
21_32_left_straight_in_opposite_35,0,0,0,0,0,1,0,1
2_0_merge_4,30,8.06,6.62,23.52,68.21,0,71.12,1
2_108_merge_121,0,9.06,6.86,0,15.92,0,80.76,1
2_115_merge_118,30,7.22,7.6,2.0,46.82,0,73.19,1
2_116_left_straight_in_opposite_117,0,7.54,5.81,0,13.35,0,77.37,1
2_128_merge_133,30,8.95,7.07,20.76,66.78,0,82.93,1
2_129_straight_straight_139,0,0,0,0,0,1,0,1
2_130_left_straight_in_opposite_136,0,0,0,0,0,1,0,1
2_133_straight_in_adjacent_left_141,0,0,0,0,0,1,0,1
2_149_merge_158,30,6.91,7.22,0.0,44.13,0,87.4,1
2_152_left_straight_in_adjacent_163,0,6.97,5.85,0,12.82,0,87.04,1
2_157_straight_straight_163,0,0,0,0,0,1,0,1
2_159_merge_1011,30,7.88,6.99,0.0,44.86,0,84.04,1
2_167_merge_202,30,7.88,7.18,4.0,49.06,0,69.41,1
2_1_left_straight_in_adjacent_3,30,8.44,6.22,27.77,72.44,0,51.01,1
2_218_merge_246,0,8.53,6.68,0,15.22,0,91.43,1
2_224_merge_240,0,7.75,6.54,0,14.29,0,70.14,1
2_22_left_left_24,0,0,0,0,0,1,0,1
2_23_straight_straight_29,0,0,0,0,0,1,0,1
2_249_merge_263,0,8.32,6.79,0,15.1,0,88.2,1
2_24_left_straight_in_adjacent_32,0,0,0,0,0,1,0,1
2_261_merge_280,30,8.05,7.17,0.0,45.22,0,88.65,1
2_263_merge_272,30,8.74,7.06,20.26,66.05,0,84.35,1
2_264_merge_274,30,8.65,7.1,20.63,66.38,0,81.36,1
2_268_merge_270,30,6.78,8.16,4.0,48.94,0,70.71,1
2_298_merge_300,30,8.85,7.04,20.31,66.19,0,82.44,1
2_29_merge_31,30,8.1,6.5,24.31,68.91,0,65.8,1
2_2_left_left_12,0,0,0,0,0,1,0,1
2_307_merge_315,0,8.78,7.2,0,15.98,0,91.36,1
2_314_merge_315,0,8.15,8.11,0,16.26,0,70.98,1
2_31_straight_straight_36,0,0,0,0,0,1,0,1
2_324_merge_335,0,8.03,7.23,0,15.26,0,79.97,1
2_33_left_straight_in_opposite_36,0,7.07,6.06,0,13.13,0,34.86,1
2_357_merge_358,0,8.11,7.07,0,15.18,0,69.48,1
2_359_merge_373,30,7.02,8.94,0.0,45.96,0,85.4,1
2_382_merge_387,0,8.91,7.11,0,16.02,0,38.48,1
2_384_merge_388,30,7.66,8.35,0.0,46.01,0,88.92,1
2_387_merge_393,30,8.43,7.11,20.38,65.92,0,80.69,1
2_400_merge_401,30,9.42,6.92,0.0,46.34,0,87.0,1
2_40_left_straight_in_opposite_46,0,0,0,0,0,1,0,1
2_433_merge_441,30,8.54,6.81,0.0,45.34,0,87.95,1
2_443_merge_445,30,3.86,9.77,0.0,43.63,0,83.99,1
2_444_merge_452,30,6.89,7.41,20.13,64.44,0,84.22,1
2_44_merge_54,30,7.73,8.09,2.0,47.82,0,72.95,1
2_463_merge_479,30,9.15,8.43,24.33,71.91,0,66.81,1
2_466_merge_472,30,7.45,8.07,20.69,66.21,0,81.53,1
2_473_merge_494,30,7.83,8.44,0.0,46.27,0,88.15,1
2_479_merge_491,0,8.04,7.11,0,15.15,0,82.8,1
2_482_merge_487,30,7.86,7.57,21.92,67.36,0,79.05,1
2_489_merge_499,30,9.73,6.86,20.18,66.77,0,80.34,1
2_492_merge_494,0,8.78,8.04,0,16.82,0,67.65,1
2_49_straight_in_opposite_left_55,30,7.07,6.08,0.0,43.15,0,89.0,1
2_50_straight_straight_51,0,0,0,0,0,1,0,1
2_527_merge_532,0,7.09,8.91,0,16.01,0,69.4,1
2_52_merge_54,0,5.59,8.39,0,13.97,0,70.35,1
2_535_merge_537,0,8.41,6.82,0,15.23,0,82.03,1
2_539_merge_540,0,8.64,6.87,0,15.51,0,87.08,1
2_545_merge_547,30,8.09,7.15,2.0,47.24,0,72.43,1
2_56_straight_straight_60,0,0,0,0,0,1,0,1
2_571_merge_578,30,3.46,9.44,20.63,63.53,0,83.39,1
2_583_merge_587,30,7.2,7.74,0.0,44.94,0,90.69,1
2_585_merge_590,30,9.15,6.98,20.12,66.26,0,87.1,1
2_593_merge_602,0,0,0,0,0,1,0,1
2_597_merge_602,30,7.35,6.81,20.1,64.26,0,84.0,1
2_607_merge_611,0,0,0,0,0,1,0,1
2_610_merge_612,0,6.37,8.47,0,14.83,0,80.65,1
2_616_merge_619,0,8.91,6.36,0,15.27,0,88.07,1
2_633_merge_639,30,8.17,7.2,21.93,67.31,0,76.12,1
2_639_merge_645,30,9.02,6.53,24.09,69.64,0,69.91,1
2_650_merge_659,30,8.34,6.93,0.0,45.27,0,88.08,1
2_653_merge_1025,30,8.31,6.89,21.14,66.34,0,85.41,1
2_67_straight_straight_74,0,8.06,6.04,0,14.11,0,86.35,1
2_687_merge_690,0,7.36,8.94,0,16.3,0,69.77,1
2_694_merge_703,0,7.84,8.08,0,15.92,0,89.03,1
2_71_left_straight_in_adjacent_81,0,0,0,0,0,1,0,1
2_725_merge_729,30,7.99,6.47,0.0,44.46,0,85.92,1
2_732_merge_733,0,6.74,8.07,0,14.81,0,71.7,1
2_776_merge_779,0,4.96,9.4,0,14.36,0,68.66,1
2_783_merge_786,30,8.03,7.32,27.53,72.88,0,52.44,1
2_78_straight_straight_81,0,0,0,0,0,1,0,1
2_790_merge_806,30,8.49,6.85,20.64,65.98,0,81.48,1
2_812_merge_814,0,7.53,6.06,0,13.59,0,88.26,1
2_819_merge_822,30,8.75,6.5,0.0,45.25,0,89.37,1
2_827_merge_833,30,8.11,7.11,2.0,47.22,0,77.19,1
2_836_merge_838,30,7.83,7.38,0.0,45.21,0,87.05,1
2_83_straight_in_adjacent_left_87,0,0,0,0,0,1,0,1
2_843_merge_845,30,8.35,7.1,20.11,65.56,0,84.41,1
2_850_merge_868,30,8.75,7.26,20.49,66.5,0,81.05,1
2_853_merge_869,30,8.04,6.71,0.0,44.74,0,86.69,1
2_86_merge_102,30,8.74,7.2,21.24,67.18,0,82.35,1
2_88_left_straight_in_adjacent_90,0,0,0,0,0,1,0,1
2_8_straight_straight_9,0,0,0,0,0,1,0,1
2_913_merge_920,30,8.26,6.76,20.22,65.24,0,86.74,1
2_920_merge_925,30,8.91,6.68,23.99,69.58,0,66.85,1
2_955_merge_958,0,8.56,6.61,0,15.17,0,87.21,1
2_962_merge_969,30,8.07,7.14,0.0,45.2,0,81.56,1
2_980_merge_982,0,8.59,6.91,0,15.49,0,64.4,1
2_98_straight_in_adjacent_left_104,0,0,0,0,0,1,0,1
2_993_merge_995,30,8.75,6.59,0.0,45.34,0,84.79,1
3_107_straight_straight_109,0,0,0,0,0,1,0,1
3_108_merge_109,30,8.24,7.92,27.73,73.88,0,53.36,1
3_10_merge_39,30,8.79,8.81,27.16,74.76,0,53.74,1
3_114_left_straight_in_adjacent_117,0,7.25,5.92,0,13.18,0,86.05,1
3_118_straight_straight_120,0,0,0,0,0,1,0,1
3_126_straight_straight_127,30,9.39,6.5,0.0,45.9,0,87.78,1
3_12_left_straight_in_opposite_19,0,0,0,0,0,1,0,1
3_134_straight_straight_142,30,6.74,5.7,27.96,70.4,0,54.77,1
3_14_left_straight_in_opposite_20,0,0,0,0,0,1,0,1
3_15_left_straight_in_opposite_24,0,0,0,0,0,1,0,1
3_175_merge_186,30,7.47,8.73,31.95,78.15,0,35.13,1
3_185_merge_186,0,7.25,8.8,0,16.05,0,44.94,1
3_199_merge_203,30,2.95,9.47,23.47,65.89,0,69.12,1
3_1_straight_straight_2,0,0,0,0,0,1,0,1
3_20_straight_straight_24,0,0,0,0,0,1,0,1
3_21_left_straight_in_opposite_28,0,0,0,0,0,1,0,1
3_224_merge_227,30,8.21,8.66,27.89,74.76,0,52.55,1
3_242_merge_248,30,8.02,8.29,24.96,71.26,0,52.86,1
3_27_straight_straight_34,0,7.61,5.88,0,13.48,0,88.77,1
3_28_straight_straight_33,0,0,0,0,0,1,0,1
3_295_merge_305,30,4.77,9.44,28.09,72.3,0,51.72,1
3_309_merge_323,30,3.87,9.4,0.0,43.28,0,85.65,1
3_30_straight_in_adjacent_left_31,0,0,0,0,0,1,0,1
3_327_merge_330,30,7.06,9.05,31.64,77.75,0,35.52,1
3_370_merge_374,30,5.99,9.27,23.6,68.87,0,69.4,1
3_37_left_straight_in_adjacent_38,0,0,0,0,0,1,0,1
3_393_merge_407,0,8.82,8.09,0,16.91,0,89.0,1
3_39_straight_in_adjacent_left_43,0,0,0,0,0,1,0,1
3_402_merge_414,30,3.01,9.95,0.0,42.96,0,80.12,1
3_412_merge_414,30,3.8,9.6,26.09,69.49,0,60.11,1
3_428_merge_444,30,2.69,9.96,25.02,67.68,0,51.69,1
3_43_left_straight_in_opposite_48,0,8.75,5.79,0,14.54,0,64.39,1
3_45_straight_straight_53,0,0,0,0,0,1,0,1
3_467_merge_487,30,6.27,7.64,27.75,71.66,0,53.19,1
3_479_merge_487,30,8.11,8.64,31.8,78.55,0,35.75,1
3_488_merge_498,30,7.19,8.3,23.6,69.09,0,71.57,1
3_49_straight_straight_53,0,0,0,0,0,1,0,1
3_501_merge_505,0,8.16,8.44,0,16.6,0,53.75,1
3_50_straight_straight_53,0,0,0,0,0,1,0,1
3_51_left_straight_in_opposite_58,0,0,0,0,0,1,0,1
3_555_merge_560,30,7.94,6.79,23.42,68.15,0,72.35,1
3_618_merge_620,30,3.71,9.44,31.91,75.06,0,35.22,1
3_61_left_straight_in_opposite_62,0,0,0,0,0,1,0,1
3_67_straight_in_adjacent_left_72,0,7.56,6.2,0,13.76,0,88.62,1
3_68_straight_in_adjacent_left_79,30,7.32,5.66,0.0,42.97,0,88.52,1
3_71_straight_straight_75,0,0,0,0,0,1,0,1
3_72_merge_83,0,7.79,7.38,0,15.17,0,72.17,1
3_748_merge_760,0,9.26,8.34,0,17.6,0,54.24,1
3_765_merge_770,30,9.02,6.94,4.0,49.95,0,71.39,1
3_771_merge_780,30,8.46,8.02,23.24,69.72,0,69.84,1
3_817_merge_828,30,8.22,7.5,24.71,70.42,0,53.5,1
3_81_merge_83,30,7.71,8.08,27.56,73.34,0,53.94,1
3_841_merge_848,30,8.1,7.97,31.72,77.79,0,36.39,1
3_914_merge_921,0,7.55,8.24,0,15.79,0,88.45,1
3_95_straight_in_adjacent_left_96,0,8.26,5.16,0,13.42,0,87.68,1
3_960_merge_986,0,0,0,0,0,1,0,1
3_96_left_straight_in_adjacent_102,0,0,0,0,0,1,0,1
3_980_merge_1001,30,8.7,8.53,23.8,71.03,0,70.59,1
3_990_merge_1001,30,5.35,9.44,24.17,68.96,0,68.83,1
3_9_straight_in_adjacent_left_13,0,0,0,0,0,1,0,1
4_1000_merge_1006,0,9.5,7.14,0,16.65,0,73.61,1
4_1007_merge_1015,0,8.98,7.61,0,16.59,0,54.16,1
4_12_straight_in_adjacent_left_14,0,6.39,5.75,0,12.14,0,91.18,1
4_15_straight_straight_19,30,6.57,6.0,0.0,42.57,0,86.9,1
4_16_straight_straight_18,0,7.7,5.11,0,12.82,0,87.52,1
4_290_merge_296,30,7.72,6.23,0.0,43.96,0,94.14,1
4_294_merge_296,0,7.64,6.68,0,14.32,0,75.41,1
4_353_merge_355,30,8.28,6.93,23.24,68.45,0,73.49,1
4_377_merge_378,30,8.52,7.76,23.37,69.64,0,52.59,1
4_40_straight_straight_42,0,0,0,0,0,1,0,1
4_42_merge_44,30,7.57,6.8,31.85,76.22,0,35.93,1
4_44_straight_straight_45,30,7.29,4.69,0.0,41.98,0,86.03,1
4_47_merge_49,30,8.39,6.81,0.0,45.2,0,91.78,1
4_511_merge_512,30,7.23,8.76,0.0,45.99,0,88.67,1
4_517_merge_521,30,8.79,8.16,22.97,69.92,0,71.57,1
4_57_straight_in_opposite_left_58,30,5.27,4.52,20.02,59.81,0,83.57,1
4_59_straight_in_adjacent_left_60,30,9.09,4.51,0.0,43.61,0,87.42,1
4_628_merge_655,30,8.39,8.35,23.59,70.32,0,71.33,1
4_640_merge_655,30,7.5,8.26,22.61,68.37,0,71.68,1
4_648_merge_677,0,7.8,7.6,0,15.4,0,73.48,1
4_657_merge_685,30,8.89,8.22,20.68,67.79,0,84.06,1
4_661_merge_685,30,8.3,8.48,0.0,46.78,0,88.07,1
4_67_straight_straight_72,30,8.8,5.84,0.0,44.63,0,88.52,1
4_680_merge_705,0,3.82,9.52,0,13.34,0,51.09,1
4_690_merge_708,0,7.72,8.87,0,16.58,0,35.06,1
4_702_merge_708,30,8.72,7.67,23.5,69.88,0,71.71,1
4_711_merge_712,30,5.36,9.33,29.96,74.65,0,35.19,1
4_71_straight_straight_72,0,0,0,0,0,1,0,1
4_73_straight_in_adjacent_left_74,0,0,0,0,0,1,0,1
4_740_merge_746,30,7.38,8.62,22.98,68.98,0,71.86,1
4_75_straight_straight_76,0,0,0,0,0,1,0,1
4_787_merge_798,30,6.77,7.52,22.82,67.1,0,71.58,1
4_804_merge_811,30,8.67,7.96,0.0,46.62,0,89.51,1
4_818_merge_828,0,7.88,7.37,0,15.26,0,73.05,1
4_832_merge_838,30,6.77,8.01,0.0,44.78,0,88.6,1
4_836_merge_838,30,7.9,8.54,20.55,67.0,0,85.21,1
4_850_merge_851,0,3.19,9.95,0,13.14,0,68.22,1
4_93_straight_straight_95,0,0,0,0,0,1,0,1
4_942_merge_949,30,7.0,7.82,24.23,69.05,0,69.59,1
4_993_merge_1006,30,7.46,8.36,0.0,45.82,0,88.99,1
5_105_straight_straight_109,0,7.78,6.08,0,13.86,0,88.41,1
5_107_straight_straight_113,0,0,0,0,0,1,0,1
5_115_straight_in_adjacent_left_117,0,0,0,0,0,1,0,1
5_118_straight_straight_122,0,0,0,0,0,1,0,1
5_127_straight_straight_131,0,0,0,0,0,1,0,1
5_129_straight_straight_131,0,0,0,0,0,1,0,1
5_130_straight_in_opposite_left_136,0,0,0,0,0,1,0,1
5_138_merge_151,30,8.91,7.24,28.49,74.64,0,50.28,1
5_13_straight_straight_16,0,0,0,0,0,1,0,1
5_147_merge_151,30,8.81,7.56,23.57,69.94,0,71.49,1
5_163_merge_164,0,7.99,6.86,0,14.85,0,71.32,1
5_194_merge_226,0,7.47,7.68,0,15.14,0,72.68,1
5_23_straight_straight_24,0,0,0,0,0,1,0,1
5_268_merge_272,30,8.57,6.47,0.0,45.04,0,92.07,1
5_27_straight_in_adjacent_left_29,0,0,0,0,0,1,0,1
5_344_merge_345,0,6.63,8.45,0,15.08,0,35.25,1
5_351_merge_355,0,6.62,8.98,0,15.6,0,50.35,1
5_379_merge_380,30,7.14,7.6,27.62,72.37,0,53.68,1
5_386_merge_388,30,7.41,7.64,31.68,76.73,0,35.35,1
5_39_straight_straight_41,0,0,0,0,0,1,0,1
5_40_straight_in_adjacent_left_43,0,0,0,0,0,1,0,1
5_413_merge_418,30,8.3,7.88,27.19,73.37,0,53.3,1
5_41_straight_straight_47,0,0,0,0,0,1,0,1
5_465_merge_476,30,8.51,6.98,23.34,68.83,0,71.96,1
5_50_straight_straight_52,0,7.87,5.62,0,13.48,0,89.91,1
5_519_merge_566,30,5.75,8.83,24.85,69.42,0,52.72,1
5_52_merge_55,0,7.9,7.41,0,15.31,0,72.25,1
5_53_straight_straight_57,0,8.63,5.94,0,14.58,0,89.6,1
5_562_merge_580,0,7.35,8.62,0,15.97,0,49.35,1
5_56_straight_straight_57,0,0,0,0,0,1,0,1
5_624_merge_644,30,7.53,8.88,28.16,74.57,0,51.59,1
5_635_merge_638,30,8.39,8.67,31.94,79.01,0,34.95,1
5_66_merge_87,30,7.36,8.48,23.11,68.95,0,71.04,1
5_69_straight_in_adjacent_left_74,0,0,0,0,0,1,0,1
5_72_left_straight_in_adjacent_75,0,0,0,0,0,1,0,1
5_73_straight_straight_75,0,0,0,0,0,1,0,1
5_751_merge_752,30,6.29,8.01,0.0,44.3,0,89.8,1
5_810_merge_818,0,8.75,6.83,0,15.59,0,90.5,1
5_819_merge_826,0,7.92,7.24,0,15.16,0,72.44,1
5_848_merge_856,30,7.08,7.95,4.0,49.03,0,70.94,1
5_874_merge_879,0,7.45,8.0,0,15.46,0,89.32,1
5_92_straight_in_opposite_left_93,0,0,0,0,0,1,0,1
6_102_straight_straight_107,0,0,0,0,0,1,0,1
6_1109_merge_1133,0,9.28,6.83,0,16.11,0,91.0,1
6_1363_merge_1429,30,8.51,7.81,31.83,78.14,0,35.2,1
6_1391_merge_1429,30,9.68,8.38,23.57,71.64,0,71.15,1
6_1535_merge_1540,30,5.81,9.11,28.74,73.66,0,48.17,1
6_1688_merge_1718,0,8.09,7.26,0,15.35,0,71.41,1
6_16_straight_in_adjacent_left_17,0,0,0,0,0,1,0,1
6_2063_merge_2093,30,3.42,9.55,24.21,67.18,0,68.2,1
6_2339_merge_2341,0,7.87,7.83,0,15.7,0,62.65,1
6_23_left_straight_in_opposite_28,0,9.08,5.97,0,15.05,0,86.3,1
6_24_straight_straight_30,0,0,0,0,0,1,0,1
6_25_straight_straight_26,0,0,0,0,0,1,0,1
6_2620_merge_2649,30,6.22,9.0,0.0,45.23,0,87.43,1
6_27_straight_straight_30,0,8.9,5.04,0,13.94,0,88.27,1
6_286_merge_325,0,3.93,9.63,0,13.56,0,51.14,1
6_351_merge_399,30,7.73,7.71,31.87,77.32,0,35.5,1
6_390_merge_399,30,3.57,9.66,24.34,67.57,0,68.56,1
6_429_merge_439,30,3.83,9.37,0.0,43.2,0,83.13,1
6_48_straight_straight_49,30,6.29,4.74,0.0,41.03,0,85.75,1
6_71_straight_straight_75,0,0,0,0,0,1,0,1
6_728_merge_743,30,8.15,8.45,24.77,71.37,0,52.44,1
6_792_merge_854,0,7.08,7.82,0,14.9,0,70.87,1
6_822_merge_854,30,7.22,8.72,27.82,73.77,0,53.08,1
7_112_straight_straight_116,0,0,0,0,0,1,0,1
7_127_left_straight_in_adjacent_129,0,7.04,6.2,0,13.24,0,70.78,1
7_129_straight_straight_133,0,0,0,0,0,1,0,1
7_12_straight_in_adjacent_left_17,0,0,0,0,0,1,0,1
7_178_merge_182,30,7.09,7.76,27.82,72.67,0,53.19,1
7_19_straight_straight_20,0,0,0,0,0,1,0,1
7_22_straight_straight_26,0,0,0,0,0,1,0,1
7_24_straight_straight_25,0,0,0,0,0,1,0,1
7_253_merge_271,0,6.76,9.06,0,15.81,0,34.88,1
7_287_merge_311,30,8.07,7.71,24.51,70.29,0,67.52,1
7_28_straight_straight_29,0,0,0,0,0,1,0,1
7_295_merge_311,30,7.87,7.01,23.55,68.42,0,71.6,1
7_39_straight_straight_40,30,8.11,5.19,21.1,64.4,0,81.97,1
7_41_straight_straight_44,0,0,0,0,0,1,0,1
7_63_straight_straight_68,0,8.34,5.44,0,13.79,0,88.0,1
7_72_straight_straight_75,30,5.19,5.91,0.0,41.1,0,88.52,1
7_86_straight_straight_88,0,6.87,5.56,0,12.43,0,89.67,1
7_98_straight_straight_99,0,0,0,0,0,1,0,1
7_9_straight_straight_10,0,9.09,5.35,0,14.45,0,88.02,1
8_101_straight_straight_102,0,7.83,5.77,0,13.59,0,82.83,1
8_102_straight_straight_109,30,7.36,5.54,22.97,65.87,0,70.69,1
8_109_straight_in_opposite_left_113,0,0,0,0,0,1,0,1
8_10_1_165,0,0,0,0,0,1,0,1
8_11_1_150,30,4.94,7.24,0.0,42.18,0,89.59,1
8_11_1_224,30,6.83,7.5,0.0,44.34,0,86.69,1
8_11_1_323,0,0,0,0,0,1,0,1
8_122_straight_straight_126,0,0,0,0,0,1,0,1
8_123_straight_in_adjacent_left_125,0,0,0,0,0,1,0,1
8_1_straight_straight_3,0,0,0,0,0,1,0,1
8_20_straight_in_adjacent_left_22,0,0,0,0,0,1,0,1
8_25_straight_straight_26,0,0,0,0,0,1,0,1
8_27_straight_straight_28,0,0,0,0,0,1,0,1
8_2_1_251,30,3.11,2.83,0.0,35.94,0,92.68,1
8_2_1_358,30,5.7,3.35,20.11,59.15,0,80.67,1
8_32_left_straight_in_opposite_36,0,0,0,0,0,1,0,1
8_3_1_233,30,5.32,8.0,20.02,63.34,0,91.97,1
8_3_1_237,30,6.86,5.33,24.66,66.86,0,65.31,1
8_3_1_312,30,7.29,6.93,20.02,64.24,0,96.11,1
8_3_1_485,0,0,0,0,0,1,0,1
8_3_1_520,30,7.84,5.48,20.02,63.33,0,85.58,1
8_3_2_146,30,4.91,7.88,0.0,42.79,0,92.39,1
8_3_2_223,30,7.05,6.0,0.0,43.05,0,80.37,1
8_3_2_272,30,4.16,8.0,20.06,62.22,0,88.02,1
8_3_2_534,30,3.59,5.2,20.08,58.87,0,86.18,1
8_3_2_565,30,10.51,4.92,20.02,65.45,0,92.44,1
8_3_3_183,0,0,0,0,0,1,0,1
8_3_3_364,30,5.17,7.21,20.02,62.41,0,87.24,1
8_3_3_407,30,6.58,6.73,20.02,63.33,0,92.62,1
8_3_3_425,0,6.24,6.89,0,13.14,0,88.14,1
8_3_3_74,0,0,0,0,0,1,0,1
8_3_4_516,30,6.73,4.24,2.0,42.96,0,74.12,1
8_3_4_644,30,5.73,7.19,28.02,70.94,0,40.79,1
8_47_straight_straight_50,30,8.4,5.11,0.0,43.51,0,81.07,1
8_50_straight_straight_51,0,0,0,0,0,1,0,1
8_51_straight_straight_54,0,0,0,0,0,1,0,1
8_55_straight_straight_58,0,0,0,0,0,1,0,1
8_5_1_138,30,4.72,8.0,0.0,42.72,0,93.48,1
8_5_1_288,0,0,0,0,0,1,0,1
8_5_1_30,0,6.66,5.95,0,12.61,0,90.92,1
8_5_1_326,30,6.56,2.95,20.38,59.88,0,83.86,1
8_5_1_377,30,5.88,8.02,0.0,43.9,0,90.88,1
8_5_1_41,0,0,0,0,0,1,0,1
8_5_1_431,30,5.74,5.9,30.52,72.16,0,41.43,1
8_5_1_438,30,8.11,5.22,20.9,64.23,0,87.2,1
8_5_2_144,0,0,0,0,0,1,0,1
8_5_2_300,30,9.29,5.21,20.12,64.61,0,91.78,1
8_5_2_365,30,6.92,6.56,0.0,43.48,0,92.56,1
8_5_3_206,30,5.83,7.53,0.0,43.35,0,84.83,1
8_5_3_227,0,0,0,0,0,1,0,1
8_5_3_277,30,5.64,4.67,20.02,60.34,0,85.54,1
8_5_3_291,30,5.99,6.64,0.0,42.63,0,90.24,1
8_5_3_40,30,7.37,6.31,21.11,64.8,0,81.19,1
8_5_3_423,30,20.0,10.0,20.03,80.03,0,95.0,1
8_5_3_46,30,20.0,10.0,20.01,80.01,0,92.45,1
8_64_straight_straight_66,0,0,0,0,0,1,0,1
8_6_1_140,30,4.7,8.42,20.02,63.14,0,93.01,1
8_6_1_392,0,0,0,0,0,1,0,1
8_6_1_5,30,5.72,4.63,20.0,60.36,0,86.27,1
8_6_1_84,30,6.42,7.23,20.04,63.69,0,86.29,1
8_6_2_127,0,0,0,0,0,1,0,1
8_6_2_338,30,9.82,4.51,0.0,44.33,0,89.79,1
8_6_2_419,30,6.39,7.75,0.0,44.14,0,86.91,1
8_6_2_423,30,5.15,3.53,0.0,38.68,0,91.27,1
8_6_2_471,30,20.0,8.0,20.03,78.03,0,86.43,1
8_6_2_523,30,8.57,7.21,20.03,65.81,0,87.41,1
8_6_2_538,0,0,0,0,0,1,0,1
8_6_3_216,30,9.49,4.73,0.0,44.22,0,90.24,1
8_6_3_263,30,5.27,6.57,20.24,62.08,0,94.06,1
8_6_3_66,30,5.26,7.16,20.01,62.44,0,94.55,1
8_6_4_134,0,0,0,0,0,1,0,1
8_6_4_189,0,0,0,0,0,1,0,1
8_6_4_212,0,4.99,6.32,0,11.31,0,92.8,1
8_6_4_213,0,4.25,7.25,0,11.5,0,51.86,1
8_6_4_217,0,0,0,0,0,1,0,1
8_6_4_218,0,8.15,6.22,0,14.37,0,93.99,1
8_6_4_240,30,3.69,7.72,0.0,41.41,0,86.51,1
8_6_4_248,30,9.17,9.15,20.02,68.34,0,95.32,1
8_6_4_298,30,6.01,7.19,20.08,63.27,0,84.78,1
8_6_4_421,30,6.75,6.33,20.02,63.1,0,91.59,1
8_6_4_464,0,0,0,0,0,1,0,1
8_71_straight_straight_75,30,8.5,5.26,0.0,43.76,0,86.75,1
8_78_straight_in_adjacent_left_92,0,0,0,0,0,1,0,1
8_7_1_138,30,6.94,5.9,0.0,42.84,0,87.23,1
8_7_1_262,30,9.94,4.43,20.0,64.38,0,80.27,1
8_7_1_300,0,6.08,5.53,0,11.62,0,86.56,1
8_7_1_307,30,9.59,4.72,20.06,64.37,0,94.05,1
8_7_1_310,30,6.74,6.67,2.0,45.41,0,78.14,1
8_7_1_408,0,0,0,0,0,1,0,1
8_7_1_410,0,0,0,0,0,1,0,1
8_7_1_441,30,4.33,8.11,20.02,62.47,0,85.23,1
8_7_1_498,30,5.75,4.03,21.85,61.62,0,64.57,1
8_7_1_514,0,0,0,0,0,1,0,1
8_7_1_516,30,3.06,8.0,20.03,61.09,0,93.41,1
8_7_1_563,30,7.69,4.32,2.0,44.01,0,77.31,1
8_7_1_584,30,20.0,8.0,20.13,78.13,0,88.35,1
8_7_2_247,30,8.38,7.71,20.02,66.11,0,95.9,1
8_7_2_330,30,20.0,10.0,20.01,80.01,0,87.89,1
8_7_2_373,0,0,0,0,0,1,0,1
8_7_2_395,30,9.19,4.19,0.0,43.38,0,86.13,1
8_7_2_406,30,20.0,10.0,20.02,80.02,0,90.23,1
8_7_2_420,0,5.23,6.02,0,11.25,0,76.84,1
8_7_2_506,30,6.26,8.48,0.0,44.74,0,91.73,1
8_96_straight_straight_101,0,0,0,0,0,1,0,1
8_99_straight_straight_106,0,7.48,5.78,0,13.26,0,86.49,1
8_9_1_493,30,6.64,6.93,0.0,43.56,0,90.34,1
8_9_2_83,0,6.86,6.61,0,13.48,0,86.55,1
8_9_4_142,0,6.64,6.64,0,13.28,0,90.94,1
8_9_4_233,0,0,0,0,0,1,0,1
9_117_straight_straight_119,0,0,0,0,0,1,0,1
9_118_straight_in_adjacent_left_121,0,0,0,0,0,1,0,1
9_120_straight_in_opposite_left_121,0,0,0,0,0,1,0,1
9_133_left_straight_in_adjacent_137,0,6.64,6.35,0,12.99,0,51.42,1
9_13_straight_straight_15,0,8.46,5.41,0,13.87,0,90.19,1
9_20_straight_straight_21,0,0,0,0,0,1,0,1
9_21_straight_straight_23,30,8.26,5.58,22.39,66.24,0,68.77,1
9_23_straight_in_adjacent_left_25,0,7.92,5.5,0,13.42,0,87.0,1
9_28_straight_in_adjacent_left_35,0,7.36,6.05,0,13.41,0,90.36,1
9_31_straight_in_adjacent_left_35,0,8.0,5.05,0,13.05,0,88.8,1
9_37_straight_in_opposite_left_45,30,9.13,5.7,20.93,65.75,0,65.45,1
9_3_straight_straight_7,0,7.18,5.06,0,12.24,0,82.89,1
9_40_straight_straight_46,0,0,0,0,0,1,0,1
9_58_left_straight_in_opposite_59,0,7.3,6.17,0,13.48,0,79.86,1
9_5_straight_in_adjacent_left_9,0,7.7,5.03,0,12.73,0,71.54,1
9_64_straight_straight_68,0,8.93,5.71,0,14.64,0,85.39,1
9_67_straight_straight_71,0,7.78,5.49,0,13.26,0,89.27,1
9_72_straight_straight_73,0,0,0,0,0,1,0,1
9_75_straight_straight_79,30,7.5,6.41,0.0,43.91,0,89.12,1
9_79_straight_straight_83,0,0,0,0,0,1,0,1
9_82_straight_in_adjacent_left_84,30,7.42,5.52,20.07,63.01,0,87.09,1
9_91_straight_straight_93,0,0,0,0,0,1,0,1
9_92_straight_straight_95,0,0,0,0,0,1,0,1
crossing_128_34_0,0,6.18,9.3,0,15.49,0,90.2,1
crossing_752_7_0,30,4.13,9.0,0.0,43.13,0,90.99,1
crossing_752_7_2,30,3.73,9.04,0.0,42.77,0,91.17,1
highway_merge_2_1_195,30,7.89,9.55,0.0,47.44,0,92.21,1
highway_merge_2_1_196,30,5.98,9.28,0.0,45.26,0,91.0,1
highway_merge_2_1_198,30,9.2,9.45,0.0,48.65,0,92.4,1
highway_merge_2_1_210,30,7.35,9.37,0.0,46.73,0,92.72,1
highway_merge_2_1_286,30,7.64,9.4,0.0,47.04,0,92.61,1
highway_merge_2_1_297,30,7.96,9.55,0.0,47.51,0,92.32,1
highway_merge_2_1_305,30,7.44,9.42,23.89,70.75,0,72.89,1
highway_merge_2_1_333,30,7.21,9.4,0.0,46.61,0,92.63,1
highway_merge_2_1_356,30,9.37,9.4,20.12,68.89,0,72.75,1
highway_merge_2_1_357,30,7.48,9.55,24.57,71.6,0,56.35,1
highway_merge_2_1_379,30,8.0,9.46,20.04,67.5,0,92.22,1
highway_merge_2_1_384,30,7.23,9.43,2.0,48.66,0,73.83,1
highway_merge_2_1_446,0,0,0,0,0,1,0,1
highway_merge_2_1_489,30,7.96,9.41,2.0,49.37,0,73.31,1
highway_merge_2_1_92,30,8.59,9.54,0.0,48.13,0,88.73,1
highway_merge_2_2_111,30,8.02,9.6,0.0,47.62,0,97.0,1
highway_merge_2_2_143,30,7.09,9.51,2.0,48.6,0,78.22,1
highway_merge_2_2_177,30,7.31,9.42,0.0,46.73,0,95.72,1
highway_merge_2_2_186,30,7.76,9.38,0.0,47.13,0,95.89,1
highway_merge_2_2_199,30,7.73,9.51,20.0,67.25,0,97.76,1
highway_merge_2_2_200,30,8.85,9.26,20.06,68.17,0,97.2,1
highway_merge_2_2_206,0,6.76,9.45,0,16.21,0,97.62,1
highway_merge_2_2_219,30,7.06,9.36,20.05,66.47,0,97.03,1
highway_merge_2_2_228,0,8.39,9.42,0,17.81,0,97.44,1
highway_merge_2_2_232,30,6.7,8.95,23.97,69.61,0,73.99,1
highway_merge_2_2_247,30,7.58,9.45,0.0,47.03,0,92.47,1
highway_merge_2_2_273,30,7.12,9.45,0.0,46.57,0,96.36,1
highway_merge_2_2_310,0,7.07,9.47,0,16.54,0,97.33,1
highway_merge_2_2_314,0,7.53,9.51,0,17.04,0,97.98,1
highway_merge_2_2_317,30,6.94,9.35,20.02,66.3,0,92.13,1
highway_merge_2_2_319,30,6.86,9.49,0.0,46.35,0,91.16,1
highway_merge_2_2_367,30,6.14,9.43,0.0,45.57,0,92.59,1
highway_merge_2_2_380,30,7.49,9.29,20.02,66.8,0,95.99,1
highway_merge_2_2_383,0,7.57,9.49,0,17.06,0,97.64,1
highway_merge_2_2_393,30,7.75,9.56,20.17,67.47,0,97.28,1
highway_merge_2_2_428,30,7.95,9.55,0.0,47.49,0,92.81,1
highway_merge_2_2_432,30,7.49,9.45,0.0,46.94,0,92.43,1
highway_merge_2_2_450,30,7.21,9.45,2.0,48.66,0,79.05,1
highway_merge_2_2_463,30,7.29,9.36,0.0,46.65,0,92.47,1
highway_merge_2_2_46,30,8.03,9.43,20.11,67.56,0,90.86,1
highway_merge_2_2_488,30,9.01,9.5,20.06,68.57,0,92.14,1
highway_merge_2_2_496,30,6.81,9.44,20.2,66.45,0,91.07,1
highway_merge_2_2_66,0,0,0,0,0,1,0,1
highway_merge_2_2_93,30,7.46,9.48,20.02,66.96,0,96.99,1
highway_merge_3_1_185,30,7.95,9.45,20.09,67.5,0,93.22,1
highway_merge_3_1_199,30,7.81,9.22,20.09,67.13,0,91.03,1
mixed_128_34_1,0,5.6,9.26,0,14.86,0,90.98,1
mixed_752_7_0,30,2.21,9.06,0.0,41.27,0,90.97,1
mixed_752_7_1,30,2.09,9.33,0.0,41.42,0,90.95,1
mixed_752_7_2,30,3.45,8.71,0.0,42.16,0,91.37,1
mixed_752_7_4,30,4.25,8.99,0.0,43.24,0,90.95,1
Average,16.73,5.84,5.77,6.06,34.4,,,
